id,first_name,last_name,created_at,updated_at
14,Casimer,Hettinger,2012-03-27 14:54:13 UTC,2012-03-27 14:54:13 UTC
28,Wilfred,Emmerich,2012-03-27 14:54:16 UTC,2012-03-27 14:54:16 UTC
52,Einar,Rodriguez,2012-03-27 14:54:21 UTC,2012-03-27 14:54:21 UTC
232,Dane,Lubowitz,2012-03-27 14:55:06 UTC,2012-03-27 14:55:06 UTC
271,Minnie,Ward,2012-03-27 14:55:15 UTC,2012-03-27 14:55:15 UTC
272,Mabel,Gerhold,2012-03-27 14:55:16 UTC,2012-03-27 14:55:16 UTC
528,Brandy,Davis,2012-03-27 14:56:15 UTC,2012-03-27 14:56:15 UTC
644,Hildegard,Boyer,2012-03-27 14:56:46 UTC,2012-03-27 14:56:46 UTC
686,Ewell,Dooley,2012-03-27 14:56:55 UTC,2012-03-27 14:56:55 UTC
837,Nico,Wunsch,2012-03-27 14:57:38 UTC,2012-03-27 14:57:38 UTC
51,Adelbert,Stark,2012-03-27 14:54:21 UTC,2012-03-27 14:54:21 UTC
339,Darien,Becker,2012-03-27 14:55:34 UTC,2012-03-27 14:55:34 UTC
500,Hailey,Veum,2012-03-27 14:56:08 UTC,2012-03-27 14:56:08 UTC
508,Benton,Buckridge,2012-03-27 14:56:10 UTC,2012-03-27 14:56:10 UTC
811,Jett,Gaylord,2012-03-27 14:57:29 UTC,2012-03-27 14:57:29 UTC
933,Amanda,Mosciski,2012-03-27 14:58:00 UTC,2012-03-27 14:58:00 UTC
949,Mervin,Keeling,2012-03-27 14:58:03 UTC,2012-03-27 14:58:03 UTC
106,Davonte,Vandervort,2012-03-27 14:54:34 UTC,2012-03-27 14:54:34 UTC
128,Ernesto,Gleason,2012-03-27 14:54:40 UTC,2012-03-27 14:54:40 UTC
319,Elmer,Konopelski,2012-03-27 14:55:29 UTC,2012-03-27 14:55:29 UTC
389,Marvin,Quigley,2012-03-27 14:55:44 UTC,2012-03-27 14:55:44 UTC
441,Emanuel,Trantow,2012-03-27 14:55:56 UTC,2012-03-27 14:55:56 UTC
452,Favian,Watsica,2012-03-27 14:55:57 UTC,2012-03-27 14:55:57 UTC
471,Friedrich,Corkery,2012-03-27 14:56:02 UTC,2012-03-27 14:56:02 UTC
473,Sallie,McClure,2012-03-27 14:56:03 UTC,2012-03-27 14:56:03 UTC
592,Carolanne,Williamson,2012-03-27 14:56:32 UTC,2012-03-27 14:56:32 UTC
641,Carolyn,Jewess,2012-03-27 14:56:45 UTC,2012-03-27 14:56:45 UTC
785,Mina,Walsh,2012-03-27 14:57:21 UTC,2012-03-27 14:57:21 UTC
889,Murl,Heidenreich,2012-03-27 14:57:51 UTC,2012-03-27 14:57:51 UTC
