id,name,description,unit_price,merchant_id,created_at,updated_at
263395237,510+ RealPush Icon Set,"You&#39;ve got a total socialmedia iconset! Almost every social icon on the planet earth.
More then 510+ icons to use and a BONUS PACK included (free 85 original UI icons included).
Facebook, Pinterest, Twitter, Google, Instagram and a lot of unique icons like Zynga, Tinder and much more...
I provide you a bunch of folders with ready to go transparent PNG in 8 sizes (512px, 256px, 128px, 96px, 64px, 48px, 32px, 24px). The iconset is made by enjoy and pixel perfection. 




Files:

AI, PSD, CDR, PNG, JPEG, SVG, TTF, EOT, WOFF




Why should I buy it?

100% vector shapes (AI, CDR, SVG)
image file (transparent PNG, JPEG, SVG)
reaty to use web font files (TTF, EOT, WOFF)
easy to customize vector layerd PSD
flat design excellent for any background
Hover & Selected two states
available in 8 transparent PNG Sizes
pixel perfect precision




Icons list:

8tracks
9gag
500px
about
addthis
AIM
alistapart
allegro
amazon
angelList
AOL
appstore
ask
aws
badoo
baidu
basecamp
bebo
beejive
behance
bigcartel
bing
bitbucket
bitcoin
bitly
blablacar
blip
bloger
bloglovin
blurb
booking
bublews
buffer
chirp
codepen
coderwall
codeschool
coursera
deezer
delicious
designer news
designfloat
deviantart
digg
disqus
dribbble
dropbox
ebay
ello
endomondo
envato
e-podroznik
etsy
eventbrite
evernote
exfm
facebook
fancy
fedburner
feedly
filmweb
flattr
flickr
flipboard
folkd
foodspotting
forrst
foursquare
getpocket
git
github
goodreads
googledrive
googlepicasa
googleplay
google+
gravatar
hongouts
heroku
hi5
houzz
icq
imdb
imgur
instagram
jakdojade
jsfiddle
kickstarter
kik
klout
laravel
last
learnist
letterboxd
linkedin
livejournal
mediatemplate
medium
mendeley
microformats
mixi
mobilempk
modernizer
myspace
newsvine
nk
office
outlook
path
pheed
photobucket
pinboard
pingup
pinterest
playstation
proto
quora
rdio
readability
reddit
rss
sharebloc
sharethis
shopify
skydrive
skype
skyrock
slashdot
slideshare
smashingmagazine
snapchat
soundcloud
spotify
springme
aquarespace
stackexchange
stackoverflow
steam
stumbleupon
sulia
technorati
ted
thumbit
tinder
trapit
treehouse
trello
tripadvisor
tumblr
twitch
twitter
typo3
uber
viadeo
viddler
vimeo
vine
vkontakte
weheartit
weibo
whatsup
wikipedia
wordpress
wrike
xing
yahoo
yelp
youtube
zerply
zynga",1200,12334141,2016-01-11 09:34:06 UTC,2007-06-04 21:35:10 UTC
263395617,Glitter scrabble frames,"Glitter scrabble frames 

Any colour glitter 
Any wording

Available colour scrabble tiles
Pink
Blue
Black
Wooden",1300,12334185,2016-01-11 11:51:37 UTC,1993-09-29 11:56:40 UTC
263395721,Disney scrabble frames,"Disney glitter frames 

Any colour glitter available and can do any characters you require 

Different colour scrabble tiles

Blue
Black
Pink
Wooden",1350,12334185,2016-01-11 11:51:37 UTC,2008-04-02 13:48:57 UTC
263396013,Free standing Woden letters,"Free standing wooden letters 

15cm

Any colours",700,12334185,2016-01-11 11:51:36 UTC,2001-09-17 15:28:43 UTC
263396209,Vogue Paris Original Givenchy 2307,"Vogue Paris Original 2307; ca. 1980; Givenchy - Dress, fitted through the bustline with back-lapped bodice and straight front-wrapped lined skirt, four inches below mid-knee or evening length, has bodice pleated at right shoulder (no shoulder seam) and bodice front and skirt front and back gathered into waistline seam. Left side of skirt has draped waistline extension. Skirt lining has side zipper closing and deep left side hemline slit. Skirt has shaped hemline.

Featured in Vogue Patterns May/June 1980

Size 14

Refer to image for size info

Envelope shows storage wear and crumpling, opened to one side.",2999,12334105,2016-01-11 10:37:09 UTC,1995-03-19 10:02:43 UTC
263396255,Cache cache à la plage,"Acrylique sur toile exécutée en 2011
Format : 46 x 55 cm
Toile sur châssis en bois - non encadré
Artiste : Flavien Couche - Artiste côté Akoun

TABLEAU VENDU AVEC FACTURE ET CERTIFICAT D&#39;AUTHETICITE

www.flavien-couche.com",14900,12334195,2016-01-11 11:30:36 UTC,1998-09-11 21:34:04 UTC
263396279,"Eule - Topflappen, handgehäkelt, Paar","Handgerfertigete Topflappen in Form einer Eule. Die Topflappen wurden aus Wolle gehäkelt. Als Augen wurden Knöpfe verwendet.

Der Verkauf erfolgt paarweise.

Handmade in Germany

Masse: Länge 22,5cm; Breite (breiteste Stelle) 17 cm",1490,12334213,2016-01-11 10:06:10 UTC,1995-03-08 17:49:21 UTC
263396463,"Kindersocken (Söckchen), hangestrickt, Länge ca.15 cm, beige (eierschalenfarben)","Handgestricke Kindersocken aus beiger (eierschalenfarben) Wolle. sehr weich, bequem und warm.

Verkauf erfolgt paarweise.

Handmade in Germany 

Höhe (längste Stelle: 11 cm); Breite (breiteste Stelle) 15 cm",690,12334213,2016-01-11 10:06:10 UTC,1988-10-07 19:47:45 UTC
263396517,Course contre la montre,"Acrylique sur toile exécutée en 2013
Format : 46 x 38 cm
Toile sur châssis en bois - non encadré
Artiste : Flavien Couche - Artiste côté Akoun

TABLEAU VENDU AVEC FACTURE ET CERTIFICAT D&#39;AUTHETICITE

www.flavien-couche.com",40000,12334195,2016-01-11 11:30:35 UTC,1994-05-07 23:38:43 UTC
263397059,Etre ailleurs,"Acrylique sur carton entoilé exécutée en 2013
Format : 27 x 41 cm
Carton entoilé - non encadré
Artiste : Flavien Couche - Artiste côté Akoun

TABLEAU VENDU AVEC FACTURE ET CERTIFICAT D&#39;AUTHETICITE

www.flavien-couche.com",13000,12334195,2016-01-11 11:30:35 UTC,2007-07-24 05:54:52 UTC
263397163,"A Variety of Fragrance Oils for Oil Burners, Potpourri, Resins + More, Lavender, Patchouli, Nag Champa, Rose, Vanilla, White Linen, Angel","A little definitely goes a long way with Bloomin Scents enticing, relaxing home and anywhere you want tranquillity fragrance oils. Uplift your senses with classic blends of Cinnamon & Orange, Apple Fresh, Patchouli, lavender and more. 

Use a drop of one of these fragrance oils in a burner for a roomful of scent. These oils are specifically for &#39;Oil Burners in 10ml Amber Bottles",399,12334207,2016-01-11 10:51:02 UTC,1988-09-01 17:09:25 UTC
263397201,Romantic coffee service &quot;Rüdesheimer Kaffee&quot;,"This is a romantic coffee service, made by HEINRICH.
It consists of
Coffee pot
Sugar pot
Bowl for candies
6 mugs
6 saucers

These are used items which are in very good condition. No chips, no scratches etc.
A recipe for the Rüdesheimer Kaffee will come along

I will ship worldwide, please ask for shipping costs to your country.",8000,12334235,2016-01-11 12:17:26 UTC,1988-06-26 02:51:02 UTC
263397313,Introspection virginalle,"Acrylique sur toile exécutée en 2009
Format : 50 x 61 cm
Toile sur châssis en bois - non encadré
Artiste : Flavien Couche - Artiste côté Akoun

TABLEAU VENDU AVEC FACTURE ET CERTIFICAT D&#39;AUTHETICITE

www.flavien-couche.com",60000,12334195,2016-01-11 11:30:35 UTC,1984-08-03 02:27:21 UTC
263397785,La prière,"Acrylique sur toile exécutée en 2012
Format : 50 x 65 cm
Toile sur châssis en bois - non encadré
Artiste : Flavien Couche - Artiste côté Akoun

TABLEAU VENDU AVEC FACTURE ET CERTIFICAT D&#39;AUTHETICITE

www.flavien-couche.com",65000,12334195,2016-01-11 11:30:34 UTC,1987-05-07 03:18:42 UTC
263397843,Wooden pen and stand,"Hand crafted wood pen made from T Tree
Various other woods available.

Red gum (SA)
Swan red gum (WA)
Blackwood (TAS)
Acacia (NT)
Forest red gum (TAS)
T Tree (TAS)

Other woods available on request

All pens are hand crafted and treated with local bees wax. These pens make great presents I can also have names etc lazier engraved for an extra $10.",4000,12334257,2016-01-11 11:44:00 UTC,2006-08-26 06:56:21 UTC
263397867,HOT Crystal Dragon Fly Hand Blown Glass Art Gold Trim Figurine Lucky Collection,"The 22k Pure Gold, Looks Like The Pure One, Not The Copper One.
It Is A Handmade Qualified Product.

BEST QUALITY
DESCRIPTION

Condition: New

Approx Size: W 1 1/8&quot;, L 2&quot;, H 2 1/2&quot;
Material: BLOWN GLASS",2390,12334315,2016-01-11 10:44:49 UTC,1990-01-16 20:45:14 UTC
263397919,Le câlin,"Acrylique sur toile exécutée en 2013
Format : 55 x 46 cm
Toile sur châssis en bois - non encadré
Artiste : Flavien Couche - Artiste côté Akoun

TABLEAU VENDU AVEC FACTURE ET CERTIFICAT D&#39;AUTHETICITE

www.flavien-couche.com",50000,12334195,2016-01-11 11:30:34 UTC,2003-12-04 18:17:19 UTC
263398079,HOT Dragon Wing Hand Blown Clear Glass Art Gold Trim Figurine Lucky Collection,"DESCRIPTION

Condition: New

Approx Size: W 1 5/8&quot;, L 1 1/2&quot;, H 2&quot;
Material: BLOWN GLASS Painted",2390,12334315,2016-01-11 10:44:49 UTC,2007-12-06 19:17:12 UTC
263398179,Le corps et la chauffeuse,"Acrylique sur toile exécutée en 2011
Format : 65 x 54 cm
Toile sur châssis en bois - non encadré
Artiste : Flavien Couche - Artiste côté Akoun

TABLEAU VENDU AVEC FACTURE ET CERTIFICAT D&#39;AUTHETICITE

www.flavien-couche.com",50000,12334195,2016-01-11 11:30:34 UTC,2007-01-06 13:55:19 UTC
263398203,"HandMade pillow cases,Sofa Cushion,decorative items.","This Handwoven Pillow made by kilim from Anatolia. It is coming from ragion of Sivas. All colour are naturel dyes. I collect these beautiful handmade items from different part of Turkey. I washed them and desined in my work shop with my colleague. You are going to receive same as in 
This picture. This listing is just for pillow cases the insert is not incluted.



The exact size : 18x18 inches  ( 45x45 Cm)
Try Cleaning.


Shipping Detail:
After purches done i will send  by Fedex,UPS,DHL, shipping company.
it will take 3 to 5 business work days.
you will be informed with tracking number of shipment.

Payment... you can pay by paypal

Thanks for looking..",8000,12334183,2016-01-11 10:49:00 UTC,1997-01-23 15:10:53 UTC
263398227,HOT Dragon Head Turtle Hand Blown Glass Art Figurine Money Lucky Good Collect,"DESCRIPTION

Condition: New

Approx Size: W 1 3/4&quot;, L 2 3/4&quot;, H 1 1/2&quot;
Material: BLOWN GLASS",2390,12334315,2016-01-11 10:44:48 UTC,1978-02-09 20:42:46 UTC
263398307,L&#39;enlèvement,"Acrylique sur toile exécutée en 2015
Format : 60 x 40 cm
Toile sur châssis en bois - non encadré
Artiste : Flavien Couche - Artiste côté Akoun

TABLEAU VENDU AVEC FACTURE ET CERTIFICAT D&#39;AUTHETICITE

www.flavien-couche.com",55000,12334195,2016-01-11 11:30:33 UTC,2012-03-11 09:35:40 UTC
263398427,La rêveuse,"Acrylique sur toile exécutée en 2004
Format : 50 x 60 cm
Toile sur châssis en bois - non encadré
Artiste : Flavien Couche - Artiste côté Akoun

TABLEAU VENDU AVEC FACTURE ET CERTIFICAT D&#39;AUTHETICITE

www.flavien-couche.com",11900,12334195,2016-01-11 11:30:33 UTC,1994-09-19 05:14:05 UTC
263398653,Les raisons,"Acrylique sur toile exécutée en 2013
Format : 50 x 61 cm
Toile sur châssis en bois - non encadré
Artiste : Flavien Couche - Artiste côté Akoun

TABLEAU VENDU AVEC FACTURE ET CERTIFICAT D&#39;AUTHETICITE

www.flavien-couche.com",60000,12334195,2016-01-11 11:30:32 UTC,2003-11-03 02:36:18 UTC
263399037,Green Footed Ceramic Bowl,"vintage/used
possibly handmade(?)
ceramic bowl
no chips or cracks, glaze has a little natural crazing on the interior
some wear to rim on top
green glaze with a lighter sprinkle pattern around rim
four feet on bottom
marked T-4
6&quot;D, 4&quot;H

For more products like this visit us online at www.2makersmarket.com",2400,12334365,2016-01-11 11:59:38 UTC,2002-09-09 11:01:20 UTC
263399187,Spalted Maple Heart Box,"spalted maple wood
USA, handmade
7&quot;W, 2&quot;D
new, unused
When wood is called spalted, it means that it has been salvaged while rot has started to take over. As unappealing as that may sound, the structure is not compromised and the spalting yields beautiful lines in the grain resembling ink. 

For more products like this visit our online store at www.2makersmarket.com",4800,12334365,2016-01-11 11:59:38 UTC,1988-01-23 17:26:28 UTC
263399263,Matrice monolithique,"Acrylique sur toile exécutée en 2013
Format : 50 x 61 cm
Toile sur châssis en bois - non encadré
Artiste : Flavien Couche - Artiste côté Akoun

TABLEAU VENDU AVEC FACTURE ET CERTIFICAT D&#39;AUTHETICITE

www.flavien-couche.com",60000,12334195,2016-01-11 11:30:31 UTC,2015-07-28 04:52:03 UTC
263399361,Exotic Beaded Women&#39;s or Men&#39;s Handmade Bracelet or Anklet,"Exotic Women&#39;s or Men&#39;s Handmade Bracelet or Anklet.  Sizes from 6 inches to 9 inches.  Made with premium crafted beads.  You may request colors and styles.  Most are made to order.  Email me after order is placed for specific or custom handmade designs, etc.",4995,12334303,2016-01-11 11:23:02 UTC,2012-10-27 09:12:45 UTC
263399475,Ironstone Pitcher (Small),"small ironstone pitcher
antique/vintage, used.
no chips or cracks
in good condition
white/blue undertone color
approximately 6.5&quot;H, 5W (at larger base)

for more products like this visit our online shop at www.2makersmarket.com",2000,12334365,2016-01-11 11:59:37 UTC,1987-04-08 19:50:44 UTC